{
    "specVersion":"1.0",
    "fileName":"Parking-Chinastar-CSiTVP05P",
    "version":"1.1.3",
    "deviceType":"Parking",
    "manufacturerName":"Chinastar",
    "model":"CSiTVP05P",
    "description":"China Parking detection products",
    "platform":"linux",
    "packageType":"CIGPlugin",
    "date":"2018-08-20 12:16:59",
	"ignoreList":[],
    "bundles":[
    {
        "bundleName": "Parking-Chinastar-CSiTVP05P",
        "bundleVersion": "1.1.3",
        "priority":5,
        "fileName": "Parking-Chinastar-CSiTVP05P-1.1.3.jar",
        "bundleDesc":"",
        "versionDesc":""
    }]
}
